LocalTime, GPSTime, ESSID, BSSID, Power, Security, Latitude, Longitude, Latitude Error, Longitude Error, Type
2023-12-07 20:02:58,1900-01-00 00:00:00,,D4:52:EE:8B:26:42,-82, ,0.000000,0.000000,0.000,0.000,AP
2023-12-07 20:02:58,1900-01-00 00:00:00,SKYXBIIL,D4:52:EE:8B:26:42,-84, WPA2 ,0.000000,0.000000,0.000,0.000,AP
2023-12-07 20:02:59,1900-01-00 00:00:00,SKYXBIIL,D4:52:EE:8B:26:42,-82, WPA2 ,0.000000,0.000000,0.000,0.000,AP
2023-12-07 20:02:59,1900-01-00 00:00:00,SKYXBIIL,D4:52:EE:8B:26:42,-88, WPA2 ,0.000000,0.000000,0.000,0.000,AP
2023-12-07 20:03:00,1900-01-00 00:00:00,SKYXBIIL,D4:52:EE:8B:26:42,-84, WPA2 ,0.000000,0.000000,0.000,0.000,AP
2023-12-07 20:03:00,1900-01-00 00:00:00,SKYXBIIL,D4:52:EE:8B:26:42,-80, WPA2 ,0.000000,0.000000,0.000,0.000,AP
2023-12-07 20:03:01,1900-01-00 00:00:00,SKYXBIIL,D4:52:EE:8B:26:42,-82, WPA2 ,0.000000,0.000000,0.000,0.000,AP
2023-12-07 20:03:02,1900-01-00 00:00:00,SKYXBIIL,D4:52:EE:8B:26:42,-84, WPA2 ,0.000000,0.000000,0.000,0.000,AP
2023-12-07 20:03:03,1900-01-00 00:00:00,SKYXBIIL,D4:52:EE:8B:26:42,-86, WPA2 ,0.000000,0.000000,0.000,0.000,AP
2023-12-07 20:03:03,1900-01-00 00:00:00,SKYXBIIL,D4:52:EE:8B:26:42,-82, WPA2 ,0.000000,0.000000,0.000,0.000,AP
2023-12-07 20:03:04,1900-01-00 00:00:00,SKYXBIIL,D4:52:EE:8B:26:42,-84, WPA2 ,0.000000,0.000000,0.000,0.000,AP
2023-12-07 20:03:06,1900-01-00 00:00:00,SKYXBIIL,D4:52:EE:8B:26:42,-86, WPA2 ,0.000000,0.000000,0.000,0.000,AP
2023-12-07 20:03:07,1900-01-00 00:00:00,SKYXBIIL,D4:52:EE:8B:26:42,-84, WPA2 ,0.000000,0.000000,0.000,0.000,AP
2023-12-07 20:03:07,1900-01-00 00:00:00,SKYXBIIL,D4:52:EE:8B:26:42,-82, WPA2 ,0.000000,0.000000,0.000,0.000,AP
2023-12-07 20:03:08,1900-01-00 00:00:00,SKYXBIIL,D4:52:EE:8B:26:42,-86, WPA2 ,0.000000,0.000000,0.000,0.000,AP
2023-12-07 20:03:08,1900-01-00 00:00:00,SKYXBIIL,D4:52:EE:8B:26:42,-86, WPA2 ,0.000000,0.000000,0.000,0.000,AP
2023-12-07 20:03:08,1900-01-00 00:00:00,SKYXBIIL,D4:52:EE:8B:26:42,-86, WPA2 ,0.000000,0.000000,0.000,0.000,AP
2023-12-07 20:03:09,1900-01-00 00:00:00,SKYXBIIL,D4:52:EE:8B:26:42,-86, WPA2 ,0.000000,0.000000,0.000,0.000,AP
2023-12-07 20:03:10,1900-01-00 00:00:00,SKYXBIIL,D4:52:EE:8B:26:42,-86, WPA2 ,0.000000,0.000000,0.000,0.000,AP
2023-12-07 20:03:10,1900-01-00 00:00:00,SKYXBIIL,D4:52:EE:8B:26:42,-84, WPA2 ,0.000000,0.000000,0.000,0.000,AP
2023-12-07 20:03:12,1900-01-00 00:00:00,SKYXBIIL,D4:52:EE:8B:26:42,-82, WPA2 ,0.000000,0.000000,0.000,0.000,AP
2023-12-07 20:03:12,1900-01-00 00:00:00,SKYXBIIL,D4:52:EE:8B:26:42,-84, WPA2 ,0.000000,0.000000,0.000,0.000,AP
2023-12-07 20:03:14,1900-01-00 00:00:00,SKYXBIIL,D4:52:EE:8B:26:42,-86, WPA2 ,0.000000,0.000000,0.000,0.000,AP
2023-12-07 20:03:14,1900-01-00 00:00:00,SKYXBIIL,D4:52:EE:8B:26:42,-88, WPA2 ,0.000000,0.000000,0.000,0.000,AP
2023-12-07 20:03:16,1900-01-00 00:00:00,SKYXBIIL,D4:52:EE:8B:26:42,-84, WPA2 ,0.000000,0.000000,0.000,0.000,AP
2023-12-07 20:03:17,1900-01-00 00:00:00,SKYXBIIL,D4:52:EE:8B:26:42,-82, WPA2 ,0.000000,0.000000,0.000,0.000,AP
2023-12-07 20:03:18,1900-01-00 00:00:00,SKYXBIIL,D4:52:EE:8B:26:42,-84, WPA2 ,0.000000,0.000000,0.000,0.000,AP
2023-12-07 20:03:19,1900-01-00 00:00:00,SKYXBIIL,D4:52:EE:8B:26:42,-84, WPA2 ,0.000000,0.000000,0.000,0.000,AP
2023-12-07 20:03:19,1900-01-00 00:00:00,SKYXBIIL,D4:52:EE:8B:26:42,-86, WPA2 ,0.000000,0.000000,0.000,0.000,AP
2023-12-07 20:03:20,1900-01-00 00:00:00,SKYXBIIL,D4:52:EE:8B:26:42,-86, WPA2 ,0.000000,0.000000,0.000,0.000,AP
2023-12-07 20:03:21,1900-01-00 00:00:00,SKYXBIIL,D4:52:EE:8B:26:42,-78, WPA2 ,0.000000,0.000000,0.000,0.000,AP
2023-12-07 20:03:22,1900-01-00 00:00:00,SKYXBIIL,D4:52:EE:8B:26:42,-86, WPA2 ,0.000000,0.000000,0.000,0.000,AP
2023-12-07 20:03:22,1900-01-00 00:00:00,SKYXBIIL,D4:52:EE:8B:26:42,-84, WPA2 ,0.000000,0.000000,0.000,0.000,AP
2023-12-07 20:03:22,1900-01-00 00:00:00,SKYXBIIL,D4:52:EE:8B:26:42,-86, WPA2 ,0.000000,0.000000,0.000,0.000,AP
2023-12-07 20:03:22,1900-01-00 00:00:00,SKYXBIIL,D4:52:EE:8B:26:42,-88, WPA2 ,0.000000,0.000000,0.000,0.000,AP
2023-12-07 20:03:23,1900-01-00 00:00:00,SKYXBIIL,D4:52:EE:8B:26:42,-82, WPA2 ,0.000000,0.000000,0.000,0.000,AP
2023-12-07 20:03:23,1900-01-00 00:00:00,SKYXBIIL,D4:52:EE:8B:26:42,-84, WPA2 ,0.000000,0.000000,0.000,0.000,AP
2023-12-07 20:03:23,1900-01-00 00:00:00,SKYXBIIL,D4:52:EE:8B:26:42,-82, WPA2 ,0.000000,0.000000,0.000,0.000,AP
2023-12-07 20:03:23,1900-01-00 00:00:00,SKYXBIIL,D4:52:EE:8B:26:42,-86, WPA2 ,0.000000,0.000000,0.000,0.000,AP
2023-12-07 20:03:24,1900-01-00 00:00:00,SKYXBIIL,D4:52:EE:8B:26:42,-90, WPA2 ,0.000000,0.000000,0.000,0.000,AP
2023-12-07 20:03:25,1900-01-00 00:00:00,SKYXBIIL,D4:52:EE:8B:26:42,-86, WPA2 ,0.000000,0.000000,0.000,0.000,AP
2023-12-07 20:03:25,1900-01-00 00:00:00,SKYXBIIL,D4:52:EE:8B:26:42,-84, WPA2 ,0.000000,0.000000,0.000,0.000,AP
2023-12-07 20:03:25,1900-01-00 00:00:00,SKYXBIIL,D4:52:EE:8B:26:42,-82, WPA2 ,0.000000,0.000000,0.000,0.000,AP
2023-12-07 20:03:27,1900-01-00 00:00:00,SKYXBIIL,D4:52:EE:8B:26:42,-86, WPA2 ,0.000000,0.000000,0.000,0.000,AP
2023-12-07 20:03:27,1900-01-00 00:00:00,SKYXBIIL,D4:52:EE:8B:26:42,-86, WPA2 ,0.000000,0.000000,0.000,0.000,AP
2023-12-07 20:03:28,1900-01-00 00:00:00,SKYXBIIL,D4:52:EE:8B:26:42,-86, WPA2 ,0.000000,0.000000,0.000,0.000,AP
2023-12-07 20:03:28,1900-01-00 00:00:00,SKYXBIIL,D4:52:EE:8B:26:42,-82, WPA2 ,0.000000,0.000000,0.000,0.000,AP
2023-12-07 20:03:28,1900-01-00 00:00:00,SKYXBIIL,D4:52:EE:8B:26:42,-86, WPA2 ,0.000000,0.000000,0.000,0.000,AP
2023-12-07 20:03:29,1900-01-00 00:00:00,SKYXBIIL,D4:52:EE:8B:26:42,-82, WPA2 ,0.000000,0.000000,0.000,0.000,AP
2023-12-07 20:03:29,1900-01-00 00:00:00,SKYXBIIL,D4:52:EE:8B:26:42,-86, WPA2 ,0.000000,0.000000,0.000,0.000,AP
2023-12-07 20:03:29,1900-01-00 00:00:00,SKYXBIIL,D4:52:EE:8B:26:42,-86, WPA2 ,0.000000,0.000000,0.000,0.000,AP
2023-12-07 20:03:29,1900-01-00 00:00:00,SKYXBIIL,D4:52:EE:8B:26:42,-84, WPA2 ,0.000000,0.000000,0.000,0.000,AP
2023-12-07 20:03:29,1900-01-00 00:00:00,SKYXBIIL,D4:52:EE:8B:26:42,-88, WPA2 ,0.000000,0.000000,0.000,0.000,AP
2023-12-07 20:03:30,1900-01-00 00:00:00,SKYXBIIL,D4:52:EE:8B:26:42,-78, WPA2 ,0.000000,0.000000,0.000,0.000,AP
2023-12-07 20:03:30,1900-01-00 00:00:00,SKYXBIIL,D4:52:EE:8B:26:42,-84, WPA2 ,0.000000,0.000000,0.000,0.000,AP
2023-12-07 20:03:30,1900-01-00 00:00:00,SKYXBIIL,D4:52:EE:8B:26:42,-84, WPA2 ,0.000000,0.000000,0.000,0.000,AP
2023-12-07 20:03:32,1900-01-00 00:00:00,SKYXBIIL,D4:52:EE:8B:26:42,-86, WPA2 ,0.000000,0.000000,0.000,0.000,AP
2023-12-07 20:03:33,1900-01-00 00:00:00,SKYXBIIL,D4:52:EE:8B:26:42,-86, WPA2 ,0.000000,0.000000,0.000,0.000,AP
2023-12-07 20:03:34,1900-01-00 00:00:00,SKYXBIIL,D4:52:EE:8B:26:42,-78, WPA2 ,0.000000,0.000000,0.000,0.000,AP
2023-12-07 20:03:36,1900-01-00 00:00:00,SKYXBIIL,D4:52:EE:8B:26:42,-88, WPA2 ,0.000000,0.000000,0.000,0.000,AP
2023-12-07 20:03:36,1900-01-00 00:00:00,SKYXBIIL,D4:52:EE:8B:26:42,-82, WPA2 ,0.000000,0.000000,0.000,0.000,AP
2023-12-07 20:03:37,1900-01-00 00:00:00,SKYXBIIL,D4:52:EE:8B:26:42,-80, WPA2 ,0.000000,0.000000,0.000,0.000,AP
2023-12-07 20:03:37,1900-01-00 00:00:00,SKYXBIIL,D4:52:EE:8B:26:42,-86, WPA2 ,0.000000,0.000000,0.000,0.000,AP
2023-12-07 20:03:38,1900-01-00 00:00:00,SKYXBIIL,D4:52:EE:8B:26:42,-86, WPA2 ,0.000000,0.000000,0.000,0.000,AP
2023-12-07 20:03:38,1900-01-00 00:00:00,SKYXBIIL,D4:52:EE:8B:26:42,-86, WPA2 ,0.000000,0.000000,0.000,0.000,AP
2023-12-07 20:03:39,1900-01-00 00:00:00,SKYXBIIL,D4:52:EE:8B:26:42,-86, WPA2 ,0.000000,0.000000,0.000,0.000,AP
2023-12-07 20:03:39,1900-01-00 00:00:00,SKYXBIIL,D4:52:EE:8B:26:42,-84, WPA2 ,0.000000,0.000000,0.000,0.000,AP
2023-12-07 20:03:40,1900-01-00 00:00:00,SKYXBIIL,D4:52:EE:8B:26:42,-84, WPA2 ,0.000000,0.000000,0.000,0.000,AP
2023-12-07 20:03:40,1900-01-00 00:00:00,SKYXBIIL,D4:52:EE:8B:26:42,-86, WPA2 ,0.000000,0.000000,0.000,0.000,AP
2023-12-07 20:03:42,1900-01-00 00:00:00,SKYXBIIL,D4:52:EE:8B:26:42,-82, WPA2 ,0.000000,0.000000,0.000,0.000,AP
2023-12-07 20:03:43,1900-01-00 00:00:00,SKYXBIIL,D4:52:EE:8B:26:42,-84, WPA2 ,0.000000,0.000000,0.000,0.000,AP
2023-12-07 20:03:44,1900-01-00 00:00:00,SKYXBIIL,D4:52:EE:8B:26:42,-86, WPA2 ,0.000000,0.000000,0.000,0.000,AP
2023-12-07 20:03:45,1900-01-00 00:00:00,SKYXBIIL,D4:52:EE:8B:26:42,-84, WPA2 ,0.000000,0.000000,0.000,0.000,AP
2023-12-07 20:03:46,1900-01-00 00:00:00,SKYXBIIL,D4:52:EE:8B:26:42,-88, WPA2 ,0.000000,0.000000,0.000,0.000,AP
2023-12-07 20:03:50,1900-01-00 00:00:00,SKYXBIIL,D4:52:EE:8B:26:42,-86, WPA2 ,0.000000,0.000000,0.000,0.000,AP
2023-12-07 20:03:51,1900-01-00 00:00:00,SKYXBIIL,D4:52:EE:8B:26:42,-84, WPA2 ,0.000000,0.000000,0.000,0.000,AP
2023-12-07 20:03:51,1900-01-00 00:00:00,SKYXBIIL,D4:52:EE:8B:26:42,-86, WPA2 ,0.000000,0.000000,0.000,0.000,AP
2023-12-07 20:03:54,1900-01-00 00:00:00,SKYXBIIL,D4:52:EE:8B:26:42,-84, WPA2 ,0.000000,0.000000,0.000,0.000,AP
2023-12-07 20:03:56,1900-01-00 00:00:00,SKYXBIIL,D4:52:EE:8B:26:42,-84, WPA2 ,0.000000,0.000000,0.000,0.000,AP
2023-12-07 20:03:56,1900-01-00 00:00:00,SKYXBIIL,D4:52:EE:8B:26:42,-84, WPA2 ,0.000000,0.000000,0.000,0.000,AP
2023-12-07 20:03:57,1900-01-00 00:00:00,SKYXBIIL,D4:52:EE:8B:26:42,-84, WPA2 ,0.000000,0.000000,0.000,0.000,AP
2023-12-07 20:03:57,1900-01-00 00:00:00,SKYXBIIL,D4:52:EE:8B:26:42,-88, WPA2 ,0.000000,0.000000,0.000,0.000,AP
2023-12-07 20:03:58,1900-01-00 00:00:00,SKYXBIIL,D4:52:EE:8B:26:42,-84, WPA2 ,0.000000,0.000000,0.000,0.000,AP
2023-12-07 20:03:58,1900-01-00 00:00:00,SKYXBIIL,D4:52:EE:8B:26:42,-86, WPA2 ,0.000000,0.000000,0.000,0.000,AP
2023-12-07 20:03:59,1900-01-00 00:00:00,SKYXBIIL,D4:52:EE:8B:26:42,-80, WPA2 ,0.000000,0.000000,0.000,0.000,AP
2023-12-07 20:04:00,1900-01-00 00:00:00,SKYXBIIL,D4:52:EE:8B:26:42,-84, WPA2 ,0.000000,0.000000,0.000,0.000,AP
2023-12-07 20:04:00,1900-01-00 00:00:00,SKYXBIIL,D4:52:EE:8B:26:42,-84, WPA2 ,0.000000,0.000000,0.000,0.000,AP
2023-12-07 20:04:01,1900-01-00 00:00:00,SKYXBIIL,D4:52:EE:8B:26:42,-88, WPA2 ,0.000000,0.000000,0.000,0.000,AP
2023-12-07 20:04:03,1900-01-00 00:00:00,SKYXBIIL,D4:52:EE:8B:26:42,-84, WPA2 ,0.000000,0.000000,0.000,0.000,AP
2023-12-07 20:04:04,1900-01-00 00:00:00,SKYXBIIL,D4:52:EE:8B:26:42,-86, WPA2 ,0.000000,0.000000,0.000,0.000,AP
2023-12-07 20:04:05,1900-01-00 00:00:00,SKYXBIIL,D4:52:EE:8B:26:42,-86, WPA2 ,0.000000,0.000000,0.000,0.000,AP
2023-12-07 20:04:05,1900-01-00 00:00:00,SKYXBIIL,D4:52:EE:8B:26:42,-86, WPA2 ,0.000000,0.000000,0.000,0.000,AP
2023-12-07 20:04:05,1900-01-00 00:00:00,SKYXBIIL,D4:52:EE:8B:26:42,-84, WPA2 ,0.000000,0.000000,0.000,0.000,AP
2023-12-07 20:04:05,1900-01-00 00:00:00,SKYXBIIL,D4:52:EE:8B:26:42,-86, WPA2 ,0.000000,0.000000,0.000,0.000,AP
2023-12-07 20:04:05,1900-01-00 00:00:00,SKYXBIIL,D4:52:EE:8B:26:42,-84, WPA2 ,0.000000,0.000000,0.000,0.000,AP
2023-12-07 20:04:06,1900-01-00 00:00:00,SKYXBIIL,D4:52:EE:8B:26:42,-82, WPA2 ,0.000000,0.000000,0.000,0.000,AP
2023-12-07 20:04:06,1900-01-00 00:00:00,SKYXBIIL,D4:52:EE:8B:26:42,-82, WPA2 ,0.000000,0.000000,0.000,0.000,AP
2023-12-07 20:04:06,1900-01-00 00:00:00,SKYXBIIL,D4:52:EE:8B:26:42,-88, WPA2 ,0.000000,0.000000,0.000,0.000,AP
2023-12-07 20:04:06,1900-01-00 00:00:00,SKYXBIIL,D4:52:EE:8B:26:42,-86, WPA2 ,0.000000,0.000000,0.000,0.000,AP
2023-12-07 20:04:07,1900-01-00 00:00:00,SKYXBIIL,D4:52:EE:8B:26:42,-82, WPA2 ,0.000000,0.000000,0.000,0.000,AP
2023-12-07 20:04:07,1900-01-00 00:00:00,SKYXBIIL,D4:52:EE:8B:26:42,-80, WPA2 ,0.000000,0.000000,0.000,0.000,AP
2023-12-07 20:04:08,1900-01-00 00:00:00,SKYXBIIL,D4:52:EE:8B:26:42,-86, WPA2 ,0.000000,0.000000,0.000,0.000,AP
2023-12-07 20:04:08,1900-01-00 00:00:00,SKYXBIIL,D4:52:EE:8B:26:42,-82, WPA2 ,0.000000,0.000000,0.000,0.000,AP
2023-12-07 20:04:09,1900-01-00 00:00:00,SKYXBIIL,D4:52:EE:8B:26:42,-82, WPA2 ,0.000000,0.000000,0.000,0.000,AP
2023-12-07 20:04:09,1900-01-00 00:00:00,SKYXBIIL,D4:52:EE:8B:26:42,-86, WPA2 ,0.000000,0.000000,0.000,0.000,AP
2023-12-07 20:04:09,1900-01-00 00:00:00,SKYXBIIL,D4:52:EE:8B:26:42,-84, WPA2 ,0.000000,0.000000,0.000,0.000,AP
2023-12-07 20:04:09,1900-01-00 00:00:00,SKYXBIIL,D4:52:EE:8B:26:42,-82, WPA2 ,0.000000,0.000000,0.000,0.000,AP
2023-12-07 20:04:10,1900-01-00 00:00:00,SKYXBIIL,D4:52:EE:8B:26:42,-84, WPA2 ,0.000000,0.000000,0.000,0.000,AP
2023-12-07 20:04:10,1900-01-00 00:00:00,SKYXBIIL,D4:52:EE:8B:26:42,-86, WPA2 ,0.000000,0.000000,0.000,0.000,AP
2023-12-07 20:04:11,1900-01-00 00:00:00,SKYXBIIL,D4:52:EE:8B:26:42,-84, WPA2 ,0.000000,0.000000,0.000,0.000,AP
2023-12-07 20:04:12,1900-01-00 00:00:00,SKYXBIIL,D4:52:EE:8B:26:42,-82, WPA2 ,0.000000,0.000000,0.000,0.000,AP
2023-12-07 20:04:12,1900-01-00 00:00:00,SKYXBIIL,D4:52:EE:8B:26:42,-82, WPA2 ,0.000000,0.000000,0.000,0.000,AP
2023-12-07 20:04:12,1900-01-00 00:00:00,SKYXBIIL,D4:52:EE:8B:26:42,-84, WPA2 ,0.000000,0.000000,0.000,0.000,AP
2023-12-07 20:04:12,1900-01-00 00:00:00,SKYXBIIL,D4:52:EE:8B:26:42,-86, WPA2 ,0.000000,0.000000,0.000,0.000,AP
2023-12-07 20:04:13,1900-01-00 00:00:00,SKYXBIIL,D4:52:EE:8B:26:42,-86, WPA2 ,0.000000,0.000000,0.000,0.000,AP
2023-12-07 20:04:14,1900-01-00 00:00:00,SKYXBIIL,D4:52:EE:8B:26:42,-86, WPA2 ,0.000000,0.000000,0.000,0.000,AP
2023-12-07 20:04:14,1900-01-00 00:00:00,SKYXBIIL,D4:52:EE:8B:26:42,-86, WPA2 ,0.000000,0.000000,0.000,0.000,AP
2023-12-07 20:04:14,1900-01-00 00:00:00,SKYXBIIL,D4:52:EE:8B:26:42,-84, WPA2 ,0.000000,0.000000,0.000,0.000,AP
2023-12-07 20:04:14,1900-01-00 00:00:00,SKYXBIIL,D4:52:EE:8B:26:42,-82, WPA2 ,0.000000,0.000000,0.000,0.000,AP
2023-12-07 20:04:15,1900-01-00 00:00:00,SKYXBIIL,D4:52:EE:8B:26:42,-84, WPA2 ,0.000000,0.000000,0.000,0.000,AP
2023-12-07 20:04:18,1900-01-00 00:00:00,SKYXBIIL,D4:52:EE:8B:26:42,-86, WPA2 ,0.000000,0.000000,0.000,0.000,AP
2023-12-07 20:04:18,1900-01-00 00:00:00,SKYXBIIL,D4:52:EE:8B:26:42,-80, WPA2 ,0.000000,0.000000,0.000,0.000,AP
2023-12-07 20:04:18,1900-01-00 00:00:00,SKYXBIIL,D4:52:EE:8B:26:42,-86, WPA2 ,0.000000,0.000000,0.000,0.000,AP
2023-12-07 20:04:19,1900-01-00 00:00:00,SKYXBIIL,D4:52:EE:8B:26:42,-86, WPA2 ,0.000000,0.000000,0.000,0.000,AP
2023-12-07 20:04:19,1900-01-00 00:00:00,SKYXBIIL,D4:52:EE:8B:26:42,-84, WPA2 ,0.000000,0.000000,0.000,0.000,AP
2023-12-07 20:04:20,1900-01-00 00:00:00,SKYXBIIL,D4:52:EE:8B:26:42,-84, WPA2 ,0.000000,0.000000,0.000,0.000,AP
2023-12-07 20:04:20,1900-01-00 00:00:00,SKYXBIIL,D4:52:EE:8B:26:42,-84, WPA2 ,0.000000,0.000000,0.000,0.000,AP
2023-12-07 20:04:21,1900-01-00 00:00:00,SKYXBIIL,D4:52:EE:8B:26:42,-82, WPA2 ,0.000000,0.000000,0.000,0.000,AP
2023-12-07 20:04:21,1900-01-00 00:00:00,SKYXBIIL,D4:52:EE:8B:26:42,-86, WPA2 ,0.000000,0.000000,0.000,0.000,AP
2023-12-07 20:04:22,1900-01-00 00:00:00,SKYXBIIL,D4:52:EE:8B:26:42,-82, WPA2 ,0.000000,0.000000,0.000,0.000,AP
2023-12-07 20:04:22,1900-01-00 00:00:00,SKYXBIIL,D4:52:EE:8B:26:42,-88, WPA2 ,0.000000,0.000000,0.000,0.000,AP
2023-12-07 20:04:23,1900-01-00 00:00:00,SKYXBIIL,D4:52:EE:8B:26:42,-82, WPA2 ,0.000000,0.000000,0.000,0.000,AP
2023-12-07 20:04:23,1900-01-00 00:00:00,SKYXBIIL,D4:52:EE:8B:26:42,-84, WPA2 ,0.000000,0.000000,0.000,0.000,AP
2023-12-07 20:04:23,1900-01-00 00:00:00,SKYXBIIL,D4:52:EE:8B:26:42,-84, WPA2 ,0.000000,0.000000,0.000,0.000,AP
2023-12-07 20:04:23,1900-01-00 00:00:00,SKYXBIIL,D4:52:EE:8B:26:42,-84, WPA2 ,0.000000,0.000000,0.000,0.000,AP
2023-12-07 20:04:23,1900-01-00 00:00:00,SKYXBIIL,D4:52:EE:8B:26:42,-86, WPA2 ,0.000000,0.000000,0.000,0.000,AP
2023-12-07 20:04:24,1900-01-00 00:00:00,SKYXBIIL,D4:52:EE:8B:26:42,-84, WPA2 ,0.000000,0.000000,0.000,0.000,AP
2023-12-07 20:04:24,1900-01-00 00:00:00,SKYXBIIL,D4:52:EE:8B:26:42,-78, WPA2 ,0.000000,0.000000,0.000,0.000,AP
2023-12-07 20:04:25,1900-01-00 00:00:00,SKYXBIIL,D4:52:EE:8B:26:42,-84, WPA2 ,0.000000,0.000000,0.000,0.000,AP
2023-12-07 20:04:25,1900-01-00 00:00:00,SKYXBIIL,D4:52:EE:8B:26:42,-82, WPA2 ,0.000000,0.000000,0.000,0.000,AP
2023-12-07 20:04:25,1900-01-00 00:00:00,SKYXBIIL,D4:52:EE:8B:26:42,-82, WPA2 ,0.000000,0.000000,0.000,0.000,AP
2023-12-07 20:04:25,1900-01-00 00:00:00,SKYXBIIL,D4:52:EE:8B:26:42,-82, WPA2 ,0.000000,0.000000,0.000,0.000,AP
2023-12-07 20:04:25,1900-01-00 00:00:00,SKYXBIIL,D4:52:EE:8B:26:42,-78, WPA2 ,0.000000,0.000000,0.000,0.000,AP
2023-12-07 20:04:26,1900-01-00 00:00:00,SKYXBIIL,D4:52:EE:8B:26:42,-86, WPA2 ,0.000000,0.000000,0.000,0.000,AP
2023-12-07 20:04:27,1900-01-00 00:00:00,SKYXBIIL,D4:52:EE:8B:26:42,-88, WPA2 ,0.000000,0.000000,0.000,0.000,AP
2023-12-07 20:04:30,1900-01-00 00:00:00,SKYXBIIL,D4:52:EE:8B:26:42,-82, WPA2 ,0.000000,0.000000,0.000,0.000,AP
2023-12-07 20:04:30,1900-01-00 00:00:00,SKYXBIIL,D4:52:EE:8B:26:42,-84, WPA2 ,0.000000,0.000000,0.000,0.000,AP
2023-12-07 20:04:30,1900-01-00 00:00:00,SKYXBIIL,D4:52:EE:8B:26:42,-86, WPA2 ,0.000000,0.000000,0.000,0.000,AP
2023-12-07 20:04:31,1900-01-00 00:00:00,SKYXBIIL,D4:52:EE:8B:26:42,-84, WPA2 ,0.000000,0.000000,0.000,0.000,AP
2023-12-07 20:04:31,1900-01-00 00:00:00,SKYXBIIL,D4:52:EE:8B:26:42,-82, WPA2 ,0.000000,0.000000,0.000,0.000,AP
2023-12-07 20:04:32,1900-01-00 00:00:00,SKYXBIIL,D4:52:EE:8B:26:42,-86, WPA2 ,0.000000,0.000000,0.000,0.000,AP
2023-12-07 20:04:33,1900-01-00 00:00:00,SKYXBIIL,D4:52:EE:8B:26:42,-86, WPA2 ,0.000000,0.000000,0.000,0.000,AP
2023-12-07 20:04:33,1900-01-00 00:00:00,SKYXBIIL,D4:52:EE:8B:26:42,-84, WPA2 ,0.000000,0.000000,0.000,0.000,AP
2023-12-07 20:04:34,1900-01-00 00:00:00,SKYXBIIL,D4:52:EE:8B:26:42,-88, WPA2 ,0.000000,0.000000,0.000,0.000,AP
2023-12-07 20:04:34,1900-01-00 00:00:00,SKYXBIIL,D4:52:EE:8B:26:42,-86, WPA2 ,0.000000,0.000000,0.000,0.000,AP
2023-12-07 20:04:34,1900-01-00 00:00:00,SKYXBIIL,D4:52:EE:8B:26:42,-86, WPA2 ,0.000000,0.000000,0.000,0.000,AP
2023-12-07 20:04:34,1900-01-00 00:00:00,SKYXBIIL,D4:52:EE:8B:26:42,-86, WPA2 ,0.000000,0.000000,0.000,0.000,AP
2023-12-07 20:04:35,1900-01-00 00:00:00,SKYXBIIL,D4:52:EE:8B:26:42,-84, WPA2 ,0.000000,0.000000,0.000,0.000,AP
2023-12-07 20:04:35,1900-01-00 00:00:00,SKYXBIIL,D4:52:EE:8B:26:42,-84, WPA2 ,0.000000,0.000000,0.000,0.000,AP
2023-12-07 20:04:35,1900-01-00 00:00:00,SKYXBIIL,D4:52:EE:8B:26:42,-86, WPA2 ,0.000000,0.000000,0.000,0.000,AP
2023-12-07 20:04:35,1900-01-00 00:00:00,SKYXBIIL,D4:52:EE:8B:26:42,-88, WPA2 ,0.000000,0.000000,0.000,0.000,AP
2023-12-07 20:04:35,1900-01-00 00:00:00,SKYXBIIL,D4:52:EE:8B:26:42,-86, WPA2 ,0.000000,0.000000,0.000,0.000,AP
2023-12-07 20:04:36,1900-01-00 00:00:00,SKYXBIIL,D4:52:EE:8B:26:42,-82, WPA2 ,0.000000,0.000000,0.000,0.000,AP
2023-12-07 20:04:36,1900-01-00 00:00:00,SKYXBIIL,D4:52:EE:8B:26:42,-86, WPA2 ,0.000000,0.000000,0.000,0.000,AP
2023-12-07 20:04:36,1900-01-00 00:00:00,SKYXBIIL,D4:52:EE:8B:26:42,-84, WPA2 ,0.000000,0.000000,0.000,0.000,AP
2023-12-07 20:04:36,1900-01-00 00:00:00,SKYXBIIL,D4:52:EE:8B:26:42,-86, WPA2 ,0.000000,0.000000,0.000,0.000,AP
2023-12-07 20:04:36,1900-01-00 00:00:00,SKYXBIIL,D4:52:EE:8B:26:42,-88, WPA2 ,0.000000,0.000000,0.000,0.000,AP
2023-12-07 20:04:37,1900-01-00 00:00:00,SKYXBIIL,D4:52:EE:8B:26:42,-86, WPA2 ,0.000000,0.000000,0.000,0.000,AP
2023-12-07 20:04:37,1900-01-00 00:00:00,SKYXBIIL,D4:52:EE:8B:26:42,-86, WPA2 ,0.000000,0.000000,0.000,0.000,AP
2023-12-07 20:04:37,1900-01-00 00:00:00,SKYXBIIL,D4:52:EE:8B:26:42,-86, WPA2 ,0.000000,0.000000,0.000,0.000,AP
2023-12-07 20:04:38,1900-01-00 00:00:00,SKYXBIIL,D4:52:EE:8B:26:42,-84, WPA2 ,0.000000,0.000000,0.000,0.000,AP
2023-12-07 20:04:39,1900-01-00 00:00:00,SKYXBIIL,D4:52:EE:8B:26:42,-86, WPA2 ,0.000000,0.000000,0.000,0.000,AP
2023-12-07 20:04:39,1900-01-00 00:00:00,SKYXBIIL,D4:52:EE:8B:26:42,-82, WPA2 ,0.000000,0.000000,0.000,0.000,AP
2023-12-07 20:04:40,1900-01-00 00:00:00,SKYXBIIL,D4:52:EE:8B:26:42,-84, WPA2 ,0.000000,0.000000,0.000,0.000,AP
2023-12-07 20:04:40,1900-01-00 00:00:00,SKYXBIIL,D4:52:EE:8B:26:42,-84, WPA2 ,0.000000,0.000000,0.000,0.000,AP
2023-12-07 20:04:40,1900-01-00 00:00:00,SKYXBIIL,D4:52:EE:8B:26:42,-86, WPA2 ,0.000000,0.000000,0.000,0.000,AP
2023-12-07 20:04:40,1900-01-00 00:00:00,SKYXBIIL,D4:52:EE:8B:26:42,-82, WPA2 ,0.000000,0.000000,0.000,0.000,AP
2023-12-07 20:04:40,1900-01-00 00:00:00,SKYXBIIL,D4:52:EE:8B:26:42,-82, WPA2 ,0.000000,0.000000,0.000,0.000,AP
2023-12-07 20:04:41,1900-01-00 00:00:00,SKYXBIIL,D4:52:EE:8B:26:42,-82, WPA2 ,0.000000,0.000000,0.000,0.000,AP
2023-12-07 20:04:41,1900-01-00 00:00:00,SKYXBIIL,D4:52:EE:8B:26:42,-88, WPA2 ,0.000000,0.000000,0.000,0.000,AP
2023-12-07 20:04:41,1900-01-00 00:00:00,SKYXBIIL,D4:52:EE:8B:26:42,-82, WPA2 ,0.000000,0.000000,0.000,0.000,AP
2023-12-07 20:04:41,1900-01-00 00:00:00,SKYXBIIL,D4:52:EE:8B:26:42,-86, WPA2 ,0.000000,0.000000,0.000,0.000,AP
2023-12-07 20:04:42,1900-01-00 00:00:00,SKYXBIIL,D4:52:EE:8B:26:42,-86, WPA2 ,0.000000,0.000000,0.000,0.000,AP
2023-12-07 20:04:42,1900-01-00 00:00:00,SKYXBIIL,D4:52:EE:8B:26:42,-84, WPA2 ,0.000000,0.000000,0.000,0.000,AP
2023-12-07 20:04:42,1900-01-00 00:00:00,SKYXBIIL,D4:52:EE:8B:26:42,-86, WPA2 ,0.000000,0.000000,0.000,0.000,AP
2023-12-07 20:04:42,1900-01-00 00:00:00,SKYXBIIL,D4:52:EE:8B:26:42,-80, WPA2 ,0.000000,0.000000,0.000,0.000,AP
2023-12-07 20:04:42,1900-01-00 00:00:00,SKYXBIIL,D4:52:EE:8B:26:42,-82, WPA2 ,0.000000,0.000000,0.000,0.000,AP
2023-12-07 20:04:43,1900-01-00 00:00:00,SKYXBIIL,D4:52:EE:8B:26:42,-82, WPA2 ,0.000000,0.000000,0.000,0.000,AP
2023-12-07 20:04:43,1900-01-00 00:00:00,SKYXBIIL,D4:52:EE:8B:26:42,-86, WPA2 ,0.000000,0.000000,0.000,0.000,AP
2023-12-07 20:04:44,1900-01-00 00:00:00,SKYXBIIL,D4:52:EE:8B:26:42,-86, WPA2 ,0.000000,0.000000,0.000,0.000,AP
2023-12-07 20:04:44,1900-01-00 00:00:00,SKYXBIIL,D4:52:EE:8B:26:42,-82, WPA2 ,0.000000,0.000000,0.000,0.000,AP
2023-12-07 20:04:44,1900-01-00 00:00:00,SKYXBIIL,D4:52:EE:8B:26:42,-84, WPA2 ,0.000000,0.000000,0.000,0.000,AP
2023-12-07 20:04:44,1900-01-00 00:00:00,SKYXBIIL,D4:52:EE:8B:26:42,-84, WPA2 ,0.000000,0.000000,0.000,0.000,AP
2023-12-07 20:04:45,1900-01-00 00:00:00,SKYXBIIL,D4:52:EE:8B:26:42,-82, WPA2 ,0.000000,0.000000,0.000,0.000,AP
2023-12-07 20:04:46,1900-01-00 00:00:00,SKYXBIIL,D4:52:EE:8B:26:42,-84, WPA2 ,0.000000,0.000000,0.000,0.000,AP
2023-12-07 20:04:48,1900-01-00 00:00:00,SKYXBIIL,D4:52:EE:8B:26:42,-86, WPA2 ,0.000000,0.000000,0.000,0.000,AP
2023-12-07 20:04:48,1900-01-00 00:00:00,SKYXBIIL,D4:52:EE:8B:26:42,-80, WPA2 ,0.000000,0.000000,0.000,0.000,AP
2023-12-07 20:04:48,1900-01-00 00:00:00,SKYXBIIL,D4:52:EE:8B:26:42,-84, WPA2 ,0.000000,0.000000,0.000,0.000,AP
2023-12-07 20:04:49,1900-01-00 00:00:00,SKYXBIIL,D4:52:EE:8B:26:42,-90, WPA2 ,0.000000,0.000000,0.000,0.000,AP
2023-12-07 20:04:50,1900-01-00 00:00:00,SKYXBIIL,D4:52:EE:8B:26:42,-82, WPA2 ,0.000000,0.000000,0.000,0.000,AP
2023-12-07 20:04:50,1900-01-00 00:00:00,SKYXBIIL,D4:52:EE:8B:26:42,-82, WPA2 ,0.000000,0.000000,0.000,0.000,AP
2023-12-07 20:04:50,1900-01-00 00:00:00,SKYXBIIL,D4:52:EE:8B:26:42,-82, WPA2 ,0.000000,0.000000,0.000,0.000,AP
2023-12-07 20:04:50,1900-01-00 00:00:00,SKYXBIIL,D4:52:EE:8B:26:42,-84, WPA2 ,0.000000,0.000000,0.000,0.000,AP
2023-12-07 20:04:50,1900-01-00 00:00:00,SKYXBIIL,D4:52:EE:8B:26:42,-84, WPA2 ,0.000000,0.000000,0.000,0.000,AP
2023-12-07 20:04:51,1900-01-00 00:00:00,SKYXBIIL,D4:52:EE:8B:26:42,-82, WPA2 ,0.000000,0.000000,0.000,0.000,AP
2023-12-07 20:04:52,1900-01-00 00:00:00,SKYXBIIL,D4:52:EE:8B:26:42,-84, WPA2 ,0.000000,0.000000,0.000,0.000,AP
2023-12-07 20:04:53,1900-01-00 00:00:00,SKYXBIIL,D4:52:EE:8B:26:42,-82, WPA2 ,0.000000,0.000000,0.000,0.000,AP
2023-12-07 20:04:53,1900-01-00 00:00:00,SKYXBIIL,D4:52:EE:8B:26:42,-84, WPA2 ,0.000000,0.000000,0.000,0.000,AP
2023-12-07 20:04:53,1900-01-00 00:00:00,SKYXBIIL,D4:52:EE:8B:26:42,-86, WPA2 ,0.000000,0.000000,0.000,0.000,AP
2023-12-07 20:04:53,1900-01-00 00:00:00,SKYXBIIL,D4:52:EE:8B:26:42,-84, WPA2 ,0.000000,0.000000,0.000,0.000,AP
2023-12-07 20:04:54,1900-01-00 00:00:00,SKYXBIIL,D4:52:EE:8B:26:42,-82, WPA2 ,0.000000,0.000000,0.000,0.000,AP
2023-12-07 20:04:54,1900-01-00 00:00:00,SKYXBIIL,D4:52:EE:8B:26:42,-84, WPA2 ,0.000000,0.000000,0.000,0.000,AP
2023-12-07 20:04:54,1900-01-00 00:00:00,SKYXBIIL,D4:52:EE:8B:26:42,-86, WPA2 ,0.000000,0.000000,0.000,0.000,AP
2023-12-07 20:04:55,1900-01-00 00:00:00,SKYXBIIL,D4:52:EE:8B:26:42,-88, WPA2 ,0.000000,0.000000,0.000,0.000,AP
2023-12-07 20:04:55,1900-01-00 00:00:00,SKYXBIIL,D4:52:EE:8B:26:42,-84, WPA2 ,0.000000,0.000000,0.000,0.000,AP
2023-12-07 20:04:55,1900-01-00 00:00:00,SKYXBIIL,D4:52:EE:8B:26:42,-86, WPA2 ,0.000000,0.000000,0.000,0.000,AP
2023-12-07 20:04:56,1900-01-00 00:00:00,SKYXBIIL,D4:52:EE:8B:26:42,-78, WPA2 ,0.000000,0.000000,0.000,0.000,AP
2023-12-07 20:04:56,1900-01-00 00:00:00,SKYXBIIL,D4:52:EE:8B:26:42,-86, WPA2 ,0.000000,0.000000,0.000,0.000,AP
2023-12-07 20:04:57,1900-01-00 00:00:00,SKYXBIIL,D4:52:EE:8B:26:42,-82, WPA2 ,0.000000,0.000000,0.000,0.000,AP
2023-12-07 20:04:57,1900-01-00 00:00:00,SKYXBIIL,D4:52:EE:8B:26:42,-80, WPA2 ,0.000000,0.000000,0.000,0.000,AP
2023-12-07 20:04:58,1900-01-00 00:00:00,SKYXBIIL,D4:52:EE:8B:26:42,-84, WPA2 ,0.000000,0.000000,0.000,0.000,AP
2023-12-07 20:04:59,1900-01-00 00:00:00,SKYXBIIL,D4:52:EE:8B:26:42,-84, WPA2 ,0.000000,0.000000,0.000,0.000,AP
2023-12-07 20:04:59,1900-01-00 00:00:00,SKYXBIIL,D4:52:EE:8B:26:42,-84, WPA2 ,0.000000,0.000000,0.000,0.000,AP
2023-12-07 20:04:59,1900-01-00 00:00:00,SKYXBIIL,D4:52:EE:8B:26:42,-84, WPA2 ,0.000000,0.000000,0.000,0.000,AP
2023-12-07 20:04:59,1900-01-00 00:00:00,SKYXBIIL,D4:52:EE:8B:26:42,-82, WPA2 ,0.000000,0.000000,0.000,0.000,AP
2023-12-07 20:05:00,1900-01-00 00:00:00,SKYXBIIL,D4:52:EE:8B:26:42,-80, WPA2 ,0.000000,0.000000,0.000,0.000,AP
2023-12-07 20:05:00,1900-01-00 00:00:00,SKYXBIIL,D4:52:EE:8B:26:42,-86, WPA2 ,0.000000,0.000000,0.000,0.000,AP
2023-12-07 20:05:01,1900-01-00 00:00:00,SKYXBIIL,D4:52:EE:8B:26:42,-86, WPA2 ,0.000000,0.000000,0.000,0.000,AP
2023-12-07 20:05:01,1900-01-00 00:00:00,SKYXBIIL,D4:52:EE:8B:26:42,-80, WPA2 ,0.000000,0.000000,0.000,0.000,AP
2023-12-07 20:05:02,1900-01-00 00:00:00,SKYXBIIL,D4:52:EE:8B:26:42,-84, WPA2 ,0.000000,0.000000,0.000,0.000,AP
2023-12-07 20:05:02,1900-01-00 00:00:00,SKYXBIIL,D4:52:EE:8B:26:42,-84, WPA2 ,0.000000,0.000000,0.000,0.000,AP
2023-12-07 20:05:02,1900-01-00 00:00:00,SKYXBIIL,D4:52:EE:8B:26:42,-82, WPA2 ,0.000000,0.000000,0.000,0.000,AP
2023-12-07 20:05:03,1900-01-00 00:00:00,SKYXBIIL,D4:52:EE:8B:26:42,-88, WPA2 ,0.000000,0.000000,0.000,0.000,AP
2023-12-07 20:05:03,1900-01-00 00:00:00,SKYXBIIL,D4:52:EE:8B:26:42,-82, WPA2 ,0.000000,0.000000,0.000,0.000,AP
2023-12-07 20:05:03,1900-01-00 00:00:00,SKYXBIIL,D4:52:EE:8B:26:42,-86, WPA2 ,0.000000,0.000000,0.000,0.000,AP
2023-12-07 20:05:04,1900-01-00 00:00:00,SKYXBIIL,D4:52:EE:8B:26:42,-86, WPA2 ,0.000000,0.000000,0.000,0.000,AP
2023-12-07 20:05:04,1900-01-00 00:00:00,SKYXBIIL,D4:52:EE:8B:26:42,-82, WPA2 ,0.000000,0.000000,0.000,0.000,AP
2023-12-07 20:05:05,1900-01-00 00:00:00,SKYXBIIL,D4:52:EE:8B:26:42,-84, WPA2 ,0.000000,0.000000,0.000,0.000,AP
2023-12-07 20:05:05,1900-01-00 00:00:00,SKYXBIIL,D4:52:EE:8B:26:42,-76, WPA2 ,0.000000,0.000000,0.000,0.000,AP
2023-12-07 20:05:06,1900-01-00 00:00:00,SKYXBIIL,D4:52:EE:8B:26:42,-86, WPA2 ,0.000000,0.000000,0.000,0.000,AP
2023-12-07 20:05:06,1900-01-00 00:00:00,SKYXBIIL,D4:52:EE:8B:26:42,-88, WPA2 ,0.000000,0.000000,0.000,0.000,AP
2023-12-07 20:05:07,1900-01-00 00:00:00,SKYXBIIL,D4:52:EE:8B:26:42,-84, WPA2 ,0.000000,0.000000,0.000,0.000,AP
2023-12-07 20:05:08,1900-01-00 00:00:00,SKYXBIIL,D4:52:EE:8B:26:42,-84, WPA2 ,0.000000,0.000000,0.000,0.000,AP
2023-12-07 20:05:08,1900-01-00 00:00:00,SKYXBIIL,D4:52:EE:8B:26:42,-86, WPA2 ,0.000000,0.000000,0.000,0.000,AP
2023-12-07 20:05:09,1900-01-00 00:00:00,SKYXBIIL,D4:52:EE:8B:26:42,-84, WPA2 ,0.000000,0.000000,0.000,0.000,AP
2023-12-07 20:05:09,1900-01-00 00:00:00,SKYXBIIL,D4:52:EE:8B:26:42,-82, WPA2 ,0.000000,0.000000,0.000,0.000,AP
2023-12-07 20:05:09,1900-01-00 00:00:00,SKYXBIIL,D4:52:EE:8B:26:42,-84, WPA2 ,0.000000,0.000000,0.000,0.000,AP
2023-12-07 20:05:09,1900-01-00 00:00:00,SKYXBIIL,D4:52:EE:8B:26:42,-84, WPA2 ,0.000000,0.000000,0.000,0.000,AP
2023-12-07 20:05:09,1900-01-00 00:00:00,SKYXBIIL,D4:52:EE:8B:26:42,-82, WPA2 ,0.000000,0.000000,0.000,0.000,AP
2023-12-07 20:05:10,1900-01-00 00:00:00,SKYXBIIL,D4:52:EE:8B:26:42,-82, WPA2 ,0.000000,0.000000,0.000,0.000,AP
2023-12-07 20:05:10,1900-01-00 00:00:00,SKYXBIIL,D4:52:EE:8B:26:42,-82, WPA2 ,0.000000,0.000000,0.000,0.000,AP
2023-12-07 20:05:10,1900-01-00 00:00:00,SKYXBIIL,D4:52:EE:8B:26:42,-84, WPA2 ,0.000000,0.000000,0.000,0.000,AP
2023-12-07 20:05:10,1900-01-00 00:00:00,SKYXBIIL,D4:52:EE:8B:26:42,-86, WPA2 ,0.000000,0.000000,0.000,0.000,AP
2023-12-07 20:05:11,1900-01-00 00:00:00,SKYXBIIL,D4:52:EE:8B:26:42,-86, WPA2 ,0.000000,0.000000,0.000,0.000,AP
2023-12-07 20:05:11,1900-01-00 00:00:00,SKYXBIIL,D4:52:EE:8B:26:42,-84, WPA2 ,0.000000,0.000000,0.000,0.000,AP
2023-12-07 20:05:12,1900-01-00 00:00:00,SKYXBIIL,D4:52:EE:8B:26:42,-84, WPA2 ,0.000000,0.000000,0.000,0.000,AP
2023-12-07 20:05:13,1900-01-00 00:00:00,SKYXBIIL,D4:52:EE:8B:26:42,-82, WPA2 ,0.000000,0.000000,0.000,0.000,AP
2023-12-07 20:05:13,1900-01-00 00:00:00,SKYXBIIL,D4:52:EE:8B:26:42,-84, WPA2 ,0.000000,0.000000,0.000,0.000,AP
2023-12-07 20:05:14,1900-01-00 00:00:00,SKYXBIIL,D4:52:EE:8B:26:42,-82, WPA2 ,0.000000,0.000000,0.000,0.000,AP
2023-12-07 20:05:14,1900-01-00 00:00:00,SKYXBIIL,D4:52:EE:8B:26:42,-78, WPA2 ,0.000000,0.000000,0.000,0.000,AP
2023-12-07 20:05:14,1900-01-00 00:00:00,SKYXBIIL,D4:52:EE:8B:26:42,-80, WPA2 ,0.000000,0.000000,0.000,0.000,AP
2023-12-07 20:05:15,1900-01-00 00:00:00,SKYXBIIL,D4:52:EE:8B:26:42,-84, WPA2 ,0.000000,0.000000,0.000,0.000,AP
2023-12-07 20:05:15,1900-01-00 00:00:00,SKYXBIIL,D4:52:EE:8B:26:42,-84, WPA2 ,0.000000,0.000000,0.000,0.000,AP
2023-12-07 20:05:16,1900-01-00 00:00:00,SKYXBIIL,D4:52:EE:8B:26:42,-82, WPA2 ,0.000000,0.000000,0.000,0.000,AP
2023-12-07 20:05:16,1900-01-00 00:00:00,SKYXBIIL,D4:52:EE:8B:26:42,-84, WPA2 ,0.000000,0.000000,0.000,0.000,AP
2023-12-07 20:05:16,1900-01-00 00:00:00,SKYXBIIL,D4:52:EE:8B:26:42,-84, WPA2 ,0.000000,0.000000,0.000,0.000,AP
2023-12-07 20:05:16,1900-01-00 00:00:00,SKYXBIIL,D4:52:EE:8B:26:42,-82, WPA2 ,0.000000,0.000000,0.000,0.000,AP
2023-12-07 20:05:16,1900-01-00 00:00:00,SKYXBIIL,D4:52:EE:8B:26:42,-84, WPA2 ,0.000000,0.000000,0.000,0.000,AP
2023-12-07 20:05:17,1900-01-00 00:00:00,SKYXBIIL,D4:52:EE:8B:26:42,-84, WPA2 ,0.000000,0.000000,0.000,0.000,AP
2023-12-07 20:05:17,1900-01-00 00:00:00,SKYXBIIL,D4:52:EE:8B:26:42,-88, WPA2 ,0.000000,0.000000,0.000,0.000,AP
2023-12-07 20:05:18,1900-01-00 00:00:00,SKYXBIIL,D4:52:EE:8B:26:42,-84, WPA2 ,0.000000,0.000000,0.000,0.000,AP
2023-12-07 20:05:18,1900-01-00 00:00:00,SKYXBIIL,D4:52:EE:8B:26:42,-84, WPA2 ,0.000000,0.000000,0.000,0.000,AP
2023-12-07 20:05:18,1900-01-00 00:00:00,SKYXBIIL,D4:52:EE:8B:26:42,-84, WPA2 ,0.000000,0.000000,0.000,0.000,AP
2023-12-07 20:05:19,1900-01-00 00:00:00,SKYXBIIL,D4:52:EE:8B:26:42,-86, WPA2 ,0.000000,0.000000,0.000,0.000,AP
2023-12-07 20:05:20,1900-01-00 00:00:00,SKYXBIIL,D4:52:EE:8B:26:42,-88, WPA2 ,0.000000,0.000000,0.000,0.000,AP
2023-12-07 20:05:20,1900-01-00 00:00:00,SKYXBIIL,D4:52:EE:8B:26:42,-84, WPA2 ,0.000000,0.000000,0.000,0.000,AP
2023-12-07 20:05:22,1900-01-00 00:00:00,SKYXBIIL,D4:52:EE:8B:26:42,-86, WPA2 ,0.000000,0.000000,0.000,0.000,AP
2023-12-07 20:05:22,1900-01-00 00:00:00,SKYXBIIL,D4:52:EE:8B:26:42,-82, WPA2 ,0.000000,0.000000,0.000,0.000,AP
2023-12-07 20:05:25,1900-01-00 00:00:00,SKYXBIIL,D4:52:EE:8B:26:42,-84, WPA2 ,0.000000,0.000000,0.000,0.000,AP
2023-12-07 20:05:25,1900-01-00 00:00:00,SKYXBIIL,D4:52:EE:8B:26:42,-88, WPA2 ,0.000000,0.000000,0.000,0.000,AP
2023-12-07 20:05:26,1900-01-00 00:00:00,SKYXBIIL,D4:52:EE:8B:26:42,-84, WPA2 ,0.000000,0.000000,0.000,0.000,AP
2023-12-07 20:05:26,1900-01-00 00:00:00,SKYXBIIL,D4:52:EE:8B:26:42,-82, WPA2 ,0.000000,0.000000,0.000,0.000,AP
2023-12-07 20:05:27,1900-01-00 00:00:00,SKYXBIIL,D4:52:EE:8B:26:42,-86, WPA2 ,0.000000,0.000000,0.000,0.000,AP
2023-12-07 20:05:27,1900-01-00 00:00:00,SKYXBIIL,D4:52:EE:8B:26:42,-84, WPA2 ,0.000000,0.000000,0.000,0.000,AP
2023-12-07 20:05:27,1900-01-00 00:00:00,SKYXBIIL,D4:52:EE:8B:26:42,-86, WPA2 ,0.000000,0.000000,0.000,0.000,AP
2023-12-07 20:05:28,1900-01-00 00:00:00,SKYXBIIL,D4:52:EE:8B:26:42,-82, WPA2 ,0.000000,0.000000,0.000,0.000,AP
2023-12-07 20:05:28,1900-01-00 00:00:00,SKYXBIIL,D4:52:EE:8B:26:42,-86, WPA2 ,0.000000,0.000000,0.000,0.000,AP
2023-12-07 20:05:29,1900-01-00 00:00:00,SKYXBIIL,D4:52:EE:8B:26:42,-84, WPA2 ,0.000000,0.000000,0.000,0.000,AP
2023-12-07 20:05:29,1900-01-00 00:00:00,SKYXBIIL,D4:52:EE:8B:26:42,-84, WPA2 ,0.000000,0.000000,0.000,0.000,AP
2023-12-07 20:05:30,1900-01-00 00:00:00,SKYXBIIL,D4:52:EE:8B:26:42,-84, WPA2 ,0.000000,0.000000,0.000,0.000,AP
2023-12-07 20:05:30,1900-01-00 00:00:00,SKYXBIIL,D4:52:EE:8B:26:42,-82, WPA2 ,0.000000,0.000000,0.000,0.000,AP
2023-12-07 20:05:30,1900-01-00 00:00:00,SKYXBIIL,D4:52:EE:8B:26:42,-84, WPA2 ,0.000000,0.000000,0.000,0.000,AP
2023-12-07 20:05:30,1900-01-00 00:00:00,SKYXBIIL,D4:52:EE:8B:26:42,-84, WPA2 ,0.000000,0.000000,0.000,0.000,AP
2023-12-07 20:05:32,1900-01-00 00:00:00,SKYXBIIL,D4:52:EE:8B:26:42,-86, WPA2 ,0.000000,0.000000,0.000,0.000,AP
2023-12-07 20:05:32,1900-01-00 00:00:00,SKYXBIIL,D4:52:EE:8B:26:42,-82, WPA2 ,0.000000,0.000000,0.000,0.000,AP
2023-12-07 20:05:33,1900-01-00 00:00:00,SKYXBIIL,D4:52:EE:8B:26:42,-84, WPA2 ,0.000000,0.000000,0.000,0.000,AP
2023-12-07 20:05:33,1900-01-00 00:00:00,SKYXBIIL,D4:52:EE:8B:26:42,-78, WPA2 ,0.000000,0.000000,0.000,0.000,AP
2023-12-07 20:05:33,1900-01-00 00:00:00,SKYXBIIL,D4:52:EE:8B:26:42,-86, WPA2 ,0.000000,0.000000,0.000,0.000,AP
2023-12-07 20:05:33,1900-01-00 00:00:00,SKYXBIIL,D4:52:EE:8B:26:42,-88, WPA2 ,0.000000,0.000000,0.000,0.000,AP
2023-12-07 20:05:33,1900-01-00 00:00:00,SKYXBIIL,D4:52:EE:8B:26:42,-88, WPA2 ,0.000000,0.000000,0.000,0.000,AP
2023-12-07 20:05:34,1900-01-00 00:00:00,SKYXBIIL,D4:52:EE:8B:26:42,-88, WPA2 ,0.000000,0.000000,0.000,0.000,AP
2023-12-07 20:05:34,1900-01-00 00:00:00,SKYXBIIL,D4:52:EE:8B:26:42,-84, WPA2 ,0.000000,0.000000,0.000,0.000,AP
2023-12-07 20:05:35,1900-01-00 00:00:00,SKYXBIIL,D4:52:EE:8B:26:42,-82, WPA2 ,0.000000,0.000000,0.000,0.000,AP
2023-12-07 20:05:36,1900-01-00 00:00:00,SKYXBIIL,D4:52:EE:8B:26:42,-84, WPA2 ,0.000000,0.000000,0.000,0.000,AP
2023-12-07 20:05:37,1900-01-00 00:00:00,SKYXBIIL,D4:52:EE:8B:26:42,-80, WPA2 ,0.000000,0.000000,0.000,0.000,AP
2023-12-07 20:05:37,1900-01-00 00:00:00,SKYXBIIL,D4:52:EE:8B:26:42,-88, WPA2 ,0.000000,0.000000,0.000,0.000,AP
2023-12-07 20:05:37,1900-01-00 00:00:00,SKYXBIIL,D4:52:EE:8B:26:42,-82, WPA2 ,0.000000,0.000000,0.000,0.000,AP
2023-12-07 20:05:38,1900-01-00 00:00:00,SKYXBIIL,D4:52:EE:8B:26:42,-84, WPA2 ,0.000000,0.000000,0.000,0.000,AP
2023-12-07 20:05:39,1900-01-00 00:00:00,SKYXBIIL,D4:52:EE:8B:26:42,-84, WPA2 ,0.000000,0.000000,0.000,0.000,AP
2023-12-07 20:05:40,1900-01-00 00:00:00,SKYXBIIL,D4:52:EE:8B:26:42,-86, WPA2 ,0.000000,0.000000,0.000,0.000,AP
2023-12-07 20:05:40,1900-01-00 00:00:00,SKYXBIIL,D4:52:EE:8B:26:42,-86, WPA2 ,0.000000,0.000000,0.000,0.000,AP
2023-12-07 20:05:41,1900-01-00 00:00:00,SKYXBIIL,D4:52:EE:8B:26:42,-86, WPA2 ,0.000000,0.000000,0.000,0.000,AP
2023-12-07 20:05:42,1900-01-00 00:00:00,SKYXBIIL,D4:52:EE:8B:26:42,-86, WPA2 ,0.000000,0.000000,0.000,0.000,AP
2023-12-07 20:05:42,1900-01-00 00:00:00,SKYXBIIL,D4:52:EE:8B:26:42,-82, WPA2 ,0.000000,0.000000,0.000,0.000,AP
2023-12-07 20:05:43,1900-01-00 00:00:00,SKYXBIIL,D4:52:EE:8B:26:42,-82, WPA2 ,0.000000,0.000000,0.000,0.000,AP
2023-12-07 20:05:44,1900-01-00 00:00:00,SKYXBIIL,D4:52:EE:8B:26:42,-84, WPA2 ,0.000000,0.000000,0.000,0.000,AP
2023-12-07 20:05:45,1900-01-00 00:00:00,SKYXBIIL,D4:52:EE:8B:26:42,-86, WPA2 ,0.000000,0.000000,0.000,0.000,AP
2023-12-07 20:05:46,1900-01-00 00:00:00,SKYXBIIL,D4:52:EE:8B:26:42,-86, WPA2 ,0.000000,0.000000,0.000,0.000,AP
2023-12-07 20:05:46,1900-01-00 00:00:00,SKYXBIIL,D4:52:EE:8B:26:42,-82, WPA2 ,0.000000,0.000000,0.000,0.000,AP
2023-12-07 20:05:46,1900-01-00 00:00:00,SKYXBIIL,D4:52:EE:8B:26:42,-84, WPA2 ,0.000000,0.000000,0.000,0.000,AP
2023-12-07 20:05:47,1900-01-00 00:00:00,SKYXBIIL,D4:52:EE:8B:26:42,-86, WPA2 ,0.000000,0.000000,0.000,0.000,AP
2023-12-07 20:05:47,1900-01-00 00:00:00,SKYXBIIL,D4:52:EE:8B:26:42,-86, WPA2 ,0.000000,0.000000,0.000,0.000,AP
2023-12-07 20:05:47,1900-01-00 00:00:00,SKYXBIIL,D4:52:EE:8B:26:42,-86, WPA2 ,0.000000,0.000000,0.000,0.000,AP
2023-12-07 20:05:47,1900-01-00 00:00:00,SKYXBIIL,D4:52:EE:8B:26:42,-84, WPA2 ,0.000000,0.000000,0.000,0.000,AP
2023-12-07 20:05:48,1900-01-00 00:00:00,SKYXBIIL,D4:52:EE:8B:26:42,-82, WPA2 ,0.000000,0.000000,0.000,0.000,AP
2023-12-07 20:05:48,1900-01-00 00:00:00,SKYXBIIL,D4:52:EE:8B:26:42,-84, WPA2 ,0.000000,0.000000,0.000,0.000,AP
2023-12-07 20:05:49,1900-01-00 00:00:00,SKYXBIIL,D4:52:EE:8B:26:42,-84, WPA2 ,0.000000,0.000000,0.000,0.000,AP
2023-12-07 20:05:49,1900-01-00 00:00:00,SKYXBIIL,D4:52:EE:8B:26:42,-82, WPA2 ,0.000000,0.000000,0.000,0.000,AP
2023-12-07 20:05:49,1900-01-00 00:00:00,SKYXBIIL,D4:52:EE:8B:26:42,-86, WPA2 ,0.000000,0.000000,0.000,0.000,AP
2023-12-07 20:05:50,1900-01-00 00:00:00,SKYXBIIL,D4:52:EE:8B:26:42,-84, WPA2 ,0.000000,0.000000,0.000,0.000,AP
2023-12-07 20:05:50,1900-01-00 00:00:00,SKYXBIIL,D4:52:EE:8B:26:42,-88, WPA2 ,0.000000,0.000000,0.000,0.000,AP
2023-12-07 20:05:51,1900-01-00 00:00:00,SKYXBIIL,D4:52:EE:8B:26:42,-84, WPA2 ,0.000000,0.000000,0.000,0.000,AP
2023-12-07 20:05:52,1900-01-00 00:00:00,SKYXBIIL,D4:52:EE:8B:26:42,-84, WPA2 ,0.000000,0.000000,0.000,0.000,AP
2023-12-07 20:05:52,1900-01-00 00:00:00,SKYXBIIL,D4:52:EE:8B:26:42,-78, WPA2 ,0.000000,0.000000,0.000,0.000,AP
2023-12-07 20:05:52,1900-01-00 00:00:00,SKYXBIIL,D4:52:EE:8B:26:42,-84, WPA2 ,0.000000,0.000000,0.000,0.000,AP
2023-12-07 20:05:52,1900-01-00 00:00:00,SKYXBIIL,D4:52:EE:8B:26:42,-86, WPA2 ,0.000000,0.000000,0.000,0.000,AP
2023-12-07 20:05:53,1900-01-00 00:00:00,SKYXBIIL,D4:52:EE:8B:26:42,-84, WPA2 ,0.000000,0.000000,0.000,0.000,AP
2023-12-07 20:05:53,1900-01-00 00:00:00,SKYXBIIL,D4:52:EE:8B:26:42,-86, WPA2 ,0.000000,0.000000,0.000,0.000,AP
2023-12-07 20:05:54,1900-01-00 00:00:00,SKYXBIIL,D4:52:EE:8B:26:42,-80, WPA2 ,0.000000,0.000000,0.000,0.000,AP
2023-12-07 20:05:54,1900-01-00 00:00:00,SKYXBIIL,D4:52:EE:8B:26:42,-82, WPA2 ,0.000000,0.000000,0.000,0.000,AP
2023-12-07 20:05:55,1900-01-00 00:00:00,SKYXBIIL,D4:52:EE:8B:26:42,-84, WPA2 ,0.000000,0.000000,0.000,0.000,AP
2023-12-07 20:05:56,1900-01-00 00:00:00,SKYXBIIL,D4:52:EE:8B:26:42,-84, WPA2 ,0.000000,0.000000,0.000,0.000,AP
2023-12-07 20:05:56,1900-01-00 00:00:00,SKYXBIIL,D4:52:EE:8B:26:42,-80, WPA2 ,0.000000,0.000000,0.000,0.000,AP
2023-12-07 20:05:56,1900-01-00 00:00:00,SKYXBIIL,D4:52:EE:8B:26:42,-80, WPA2 ,0.000000,0.000000,0.000,0.000,AP
2023-12-07 20:05:56,1900-01-00 00:00:00,SKYXBIIL,D4:52:EE:8B:26:42,-86, WPA2 ,0.000000,0.000000,0.000,0.000,AP
2023-12-07 20:05:57,1900-01-00 00:00:00,SKYXBIIL,D4:52:EE:8B:26:42,-84, WPA2 ,0.000000,0.000000,0.000,0.000,AP
2023-12-07 20:05:58,1900-01-00 00:00:00,SKYXBIIL,D4:52:EE:8B:26:42,-86, WPA2 ,0.000000,0.000000,0.000,0.000,AP
2023-12-07 20:05:58,1900-01-00 00:00:00,SKYXBIIL,D4:52:EE:8B:26:42,-82, WPA2 ,0.000000,0.000000,0.000,0.000,AP
2023-12-07 20:05:58,1900-01-00 00:00:00,SKYXBIIL,D4:52:EE:8B:26:42,-84, WPA2 ,0.000000,0.000000,0.000,0.000,AP
2023-12-07 20:05:58,1900-01-00 00:00:00,SKYXBIIL,D4:52:EE:8B:26:42,-88, WPA2 ,0.000000,0.000000,0.000,0.000,AP
2023-12-07 20:06:01,1900-01-00 00:00:00,SKYXBIIL,D4:52:EE:8B:26:42,-84, WPA2 ,0.000000,0.000000,0.000,0.000,AP
2023-12-07 20:06:02,1900-01-00 00:00:00,SKYXBIIL,D4:52:EE:8B:26:42,-86, WPA2 ,0.000000,0.000000,0.000,0.000,AP
2023-12-07 20:06:02,1900-01-00 00:00:00,SKYXBIIL,D4:52:EE:8B:26:42,-88, WPA2 ,0.000000,0.000000,0.000,0.000,AP
2023-12-07 20:06:03,1900-01-00 00:00:00,SKYXBIIL,D4:52:EE:8B:26:42,-86, WPA2 ,0.000000,0.000000,0.000,0.000,AP
2023-12-07 20:06:03,1900-01-00 00:00:00,SKYXBIIL,D4:52:EE:8B:26:42,-84, WPA2 ,0.000000,0.000000,0.000,0.000,AP
2023-12-07 20:06:03,1900-01-00 00:00:00,SKYXBIIL,D4:52:EE:8B:26:42,-88, WPA2 ,0.000000,0.000000,0.000,0.000,AP
2023-12-07 20:06:06,1900-01-00 00:00:00,SKYXBIIL,D4:52:EE:8B:26:42,-84, WPA2 ,0.000000,0.000000,0.000,0.000,AP
2023-12-07 20:06:06,1900-01-00 00:00:00,SKYXBIIL,D4:52:EE:8B:26:42,-86, WPA2 ,0.000000,0.000000,0.000,0.000,AP
2023-12-07 20:06:07,1900-01-00 00:00:00,SKYXBIIL,D4:52:EE:8B:26:42,-84, WPA2 ,0.000000,0.000000,0.000,0.000,AP
2023-12-07 20:06:07,1900-01-00 00:00:00,SKYXBIIL,D4:52:EE:8B:26:42,-86, WPA2 ,0.000000,0.000000,0.000,0.000,AP
2023-12-07 20:06:07,1900-01-00 00:00:00,SKYXBIIL,D4:52:EE:8B:26:42,-82, WPA2 ,0.000000,0.000000,0.000,0.000,AP
2023-12-07 20:06:08,1900-01-00 00:00:00,SKYXBIIL,D4:52:EE:8B:26:42,-86, WPA2 ,0.000000,0.000000,0.000,0.000,AP
2023-12-07 20:06:11,1900-01-00 00:00:00,SKYXBIIL,D4:52:EE:8B:26:42,-86, WPA2 ,0.000000,0.000000,0.000,0.000,AP
2023-12-07 20:06:11,1900-01-00 00:00:00,SKYXBIIL,D4:52:EE:8B:26:42,-82, WPA2 ,0.000000,0.000000,0.000,0.000,AP
2023-12-07 20:06:11,1900-01-00 00:00:00,SKYXBIIL,D4:52:EE:8B:26:42,-88, WPA2 ,0.000000,0.000000,0.000,0.000,AP
2023-12-07 20:06:11,1900-01-00 00:00:00,SKYXBIIL,D4:52:EE:8B:26:42,-80, WPA2 ,0.000000,0.000000,0.000,0.000,AP
2023-12-07 20:06:11,1900-01-00 00:00:00,SKYXBIIL,D4:52:EE:8B:26:42,-82, WPA2 ,0.000000,0.000000,0.000,0.000,AP
2023-12-07 20:06:12,1900-01-00 00:00:00,SKYXBIIL,D4:52:EE:8B:26:42,-86, WPA2 ,0.000000,0.000000,0.000,0.000,AP
2023-12-07 20:06:12,1900-01-00 00:00:00,SKYXBIIL,D4:52:EE:8B:26:42,-86, WPA2 ,0.000000,0.000000,0.000,0.000,AP
2023-12-07 20:06:13,1900-01-00 00:00:00,SKYXBIIL,D4:52:EE:8B:26:42,-84, WPA2 ,0.000000,0.000000,0.000,0.000,AP
2023-12-07 20:06:14,1900-01-00 00:00:00,SKYXBIIL,D4:52:EE:8B:26:42,-84, WPA2 ,0.000000,0.000000,0.000,0.000,AP
2023-12-07 20:06:14,1900-01-00 00:00:00,SKYXBIIL,D4:52:EE:8B:26:42,-88, WPA2 ,0.000000,0.000000,0.000,0.000,AP
2023-12-07 20:06:14,1900-01-00 00:00:00,SKYXBIIL,D4:52:EE:8B:26:42,-84, WPA2 ,0.000000,0.000000,0.000,0.000,AP
2023-12-07 20:06:15,1900-01-00 00:00:00,SKYXBIIL,D4:52:EE:8B:26:42,-82, WPA2 ,0.000000,0.000000,0.000,0.000,AP
2023-12-07 20:06:16,1900-01-00 00:00:00,SKYXBIIL,D4:52:EE:8B:26:42,-82, WPA2 ,0.000000,0.000000,0.000,0.000,AP
2023-12-07 20:06:16,1900-01-00 00:00:00,SKYXBIIL,D4:52:EE:8B:26:42,-84, WPA2 ,0.000000,0.000000,0.000,0.000,AP
2023-12-07 20:06:16,1900-01-00 00:00:00,SKYXBIIL,D4:52:EE:8B:26:42,-84, WPA2 ,0.000000,0.000000,0.000,0.000,AP
2023-12-07 20:06:16,1900-01-00 00:00:00,SKYXBIIL,D4:52:EE:8B:26:42,-84, WPA2 ,0.000000,0.000000,0.000,0.000,AP
2023-12-07 20:06:16,1900-01-00 00:00:00,SKYXBIIL,D4:52:EE:8B:26:42,-82, WPA2 ,0.000000,0.000000,0.000,0.000,AP
2023-12-07 20:06:18,1900-01-00 00:00:00,SKYXBIIL,D4:52:EE:8B:26:42,-84, WPA2 ,0.000000,0.000000,0.000,0.000,AP
2023-12-07 20:06:18,1900-01-00 00:00:00,SKYXBIIL,D4:52:EE:8B:26:42,-86, WPA2 ,0.000000,0.000000,0.000,0.000,AP
2023-12-07 20:06:18,1900-01-00 00:00:00,SKYXBIIL,D4:52:EE:8B:26:42,-86, WPA2 ,0.000000,0.000000,0.000,0.000,AP
2023-12-07 20:06:18,1900-01-00 00:00:00,SKYXBIIL,D4:52:EE:8B:26:42,-86, WPA2 ,0.000000,0.000000,0.000,0.000,AP
2023-12-07 20:06:19,1900-01-00 00:00:00,SKYXBIIL,D4:52:EE:8B:26:42,-88, WPA2 ,0.000000,0.000000,0.000,0.000,AP
2023-12-07 20:06:19,1900-01-00 00:00:00,SKYXBIIL,D4:52:EE:8B:26:42,-84, WPA2 ,0.000000,0.000000,0.000,0.000,AP
2023-12-07 20:06:19,1900-01-00 00:00:00,SKYXBIIL,D4:52:EE:8B:26:42,-80, WPA2 ,0.000000,0.000000,0.000,0.000,AP
2023-12-07 20:06:19,1900-01-00 00:00:00,SKYXBIIL,D4:52:EE:8B:26:42,-84, WPA2 ,0.000000,0.000000,0.000,0.000,AP
2023-12-07 20:06:19,1900-01-00 00:00:00,SKYXBIIL,D4:52:EE:8B:26:42,-82, WPA2 ,0.000000,0.000000,0.000,0.000,AP
2023-12-07 20:06:19,1900-01-00 00:00:00,SKYXBIIL,D4:52:EE:8B:26:42,-86, WPA2 ,0.000000,0.000000,0.000,0.000,AP
2023-12-07 20:06:19,1900-01-00 00:00:00,SKYXBIIL,D4:52:EE:8B:26:42,-82, WPA2 ,0.000000,0.000000,0.000,0.000,AP
2023-12-07 20:06:19,1900-01-00 00:00:00,SKYXBIIL,D4:52:EE:8B:26:42,-86, WPA2 ,0.000000,0.000000,0.000,0.000,AP
2023-12-07 20:06:20,1900-01-00 00:00:00,SKYXBIIL,D4:52:EE:8B:26:42,-86, WPA2 ,0.000000,0.000000,0.000,0.000,AP
2023-12-07 20:06:20,1900-01-00 00:00:00,SKYXBIIL,D4:52:EE:8B:26:42,-86, WPA2 ,0.000000,0.000000,0.000,0.000,AP
2023-12-07 20:06:20,1900-01-00 00:00:00,SKYXBIIL,D4:52:EE:8B:26:42,-84, WPA2 ,0.000000,0.000000,0.000,0.000,AP
2023-12-07 20:06:20,1900-01-00 00:00:00,SKYXBIIL,D4:52:EE:8B:26:42,-82, WPA2 ,0.000000,0.000000,0.000,0.000,AP
2023-12-07 20:06:20,1900-01-00 00:00:00,SKYXBIIL,D4:52:EE:8B:26:42,-88, WPA2 ,0.000000,0.000000,0.000,0.000,AP
2023-12-07 20:06:21,1900-01-00 00:00:00,SKYXBIIL,D4:52:EE:8B:26:42,-86, WPA2 ,0.000000,0.000000,0.000,0.000,AP
2023-12-07 20:06:21,1900-01-00 00:00:00,SKYXBIIL,D4:52:EE:8B:26:42,-86, WPA2 ,0.000000,0.000000,0.000,0.000,AP
2023-12-07 20:06:21,1900-01-00 00:00:00,SKYXBIIL,D4:52:EE:8B:26:42,-86, WPA2 ,0.000000,0.000000,0.000,0.000,AP
2023-12-07 20:06:21,1900-01-00 00:00:00,SKYXBIIL,D4:52:EE:8B:26:42,-84, WPA2 ,0.000000,0.000000,0.000,0.000,AP
2023-12-07 20:06:22,1900-01-00 00:00:00,SKYXBIIL,D4:52:EE:8B:26:42,-86, WPA2 ,0.000000,0.000000,0.000,0.000,AP
2023-12-07 20:06:22,1900-01-00 00:00:00,SKYXBIIL,D4:52:EE:8B:26:42,-86, WPA2 ,0.000000,0.000000,0.000,0.000,AP
2023-12-07 20:06:22,1900-01-00 00:00:00,SKYXBIIL,D4:52:EE:8B:26:42,-84, WPA2 ,0.000000,0.000000,0.000,0.000,AP
2023-12-07 20:06:22,1900-01-00 00:00:00,SKYXBIIL,D4:52:EE:8B:26:42,-88, WPA2 ,0.000000,0.000000,0.000,0.000,AP
2023-12-07 20:06:22,1900-01-00 00:00:00,SKYXBIIL,D4:52:EE:8B:26:42,-84, WPA2 ,0.000000,0.000000,0.000,0.000,AP
2023-12-07 20:06:22,1900-01-00 00:00:00,SKYXBIIL,D4:52:EE:8B:26:42,-86, WPA2 ,0.000000,0.000000,0.000,0.000,AP
2023-12-07 20:06:23,1900-01-00 00:00:00,SKYXBIIL,D4:52:EE:8B:26:42,-84, WPA2 ,0.000000,0.000000,0.000,0.000,AP
2023-12-07 20:06:24,1900-01-00 00:00:00,SKYXBIIL,D4:52:EE:8B:26:42,-86, WPA2 ,0.000000,0.000000,0.000,0.000,AP
2023-12-07 20:06:24,1900-01-00 00:00:00,SKYXBIIL,D4:52:EE:8B:26:42,-84, WPA2 ,0.000000,0.000000,0.000,0.000,AP
2023-12-07 20:06:24,1900-01-00 00:00:00,SKYXBIIL,D4:52:EE:8B:26:42,-86, WPA2 ,0.000000,0.000000,0.000,0.000,AP
2023-12-07 20:06:25,1900-01-00 00:00:00,SKYXBIIL,D4:52:EE:8B:26:42,-86, WPA2 ,0.000000,0.000000,0.000,0.000,AP
2023-12-07 20:06:25,1900-01-00 00:00:00,SKYXBIIL,D4:52:EE:8B:26:42,-86, WPA2 ,0.000000,0.000000,0.000,0.000,AP
2023-12-07 20:06:26,1900-01-00 00:00:00,SKYXBIIL,D4:52:EE:8B:26:42,-84, WPA2 ,0.000000,0.000000,0.000,0.000,AP
2023-12-07 20:06:26,1900-01-00 00:00:00,SKYXBIIL,D4:52:EE:8B:26:42,-82, WPA2 ,0.000000,0.000000,0.000,0.000,AP
2023-12-07 20:06:26,1900-01-00 00:00:00,SKYXBIIL,D4:52:EE:8B:26:42,-84, WPA2 ,0.000000,0.000000,0.000,0.000,AP
2023-12-07 20:06:26,1900-01-00 00:00:00,SKYXBIIL,D4:52:EE:8B:26:42,-86, WPA2 ,0.000000,0.000000,0.000,0.000,AP
2023-12-07 20:06:27,1900-01-00 00:00:00,SKYXBIIL,D4:52:EE:8B:26:42,-84, WPA2 ,0.000000,0.000000,0.000,0.000,AP
2023-12-07 20:06:28,1900-01-00 00:00:00,SKYXBIIL,D4:52:EE:8B:26:42,-86, WPA2 ,0.000000,0.000000,0.000,0.000,AP
2023-12-07 20:06:28,1900-01-00 00:00:00,SKYXBIIL,D4:52:EE:8B:26:42,-84, WPA2 ,0.000000,0.000000,0.000,0.000,AP
2023-12-07 20:06:28,1900-01-00 00:00:00,SKYXBIIL,D4:52:EE:8B:26:42,-84, WPA2 ,0.000000,0.000000,0.000,0.000,AP
2023-12-07 20:06:29,1900-01-00 00:00:00,SKYXBIIL,D4:52:EE:8B:26:42,-84, WPA2 ,0.000000,0.000000,0.000,0.000,AP
2023-12-07 20:06:30,1900-01-00 00:00:00,SKYXBIIL,D4:52:EE:8B:26:42,-82, WPA2 ,0.000000,0.000000,0.000,0.000,AP
2023-12-07 20:06:30,1900-01-00 00:00:00,SKYXBIIL,D4:52:EE:8B:26:42,-84, WPA2 ,0.000000,0.000000,0.000,0.000,AP
2023-12-07 20:06:31,1900-01-00 00:00:00,SKYXBIIL,D4:52:EE:8B:26:42,-84, WPA2 ,0.000000,0.000000,0.000,0.000,AP
2023-12-07 20:06:31,1900-01-00 00:00:00,SKYXBIIL,D4:52:EE:8B:26:42,-88, WPA2 ,0.000000,0.000000,0.000,0.000,AP
2023-12-07 20:06:31,1900-01-00 00:00:00,SKYXBIIL,D4:52:EE:8B:26:42,-84, WPA2 ,0.000000,0.000000,0.000,0.000,AP
2023-12-07 20:06:32,1900-01-00 00:00:00,SKYXBIIL,D4:52:EE:8B:26:42,-84, WPA2 ,0.000000,0.000000,0.000,0.000,AP
2023-12-07 20:06:32,1900-01-00 00:00:00,SKYXBIIL,D4:52:EE:8B:26:42,-84, WPA2 ,0.000000,0.000000,0.000,0.000,AP
2023-12-07 20:06:32,1900-01-00 00:00:00,SKYXBIIL,D4:52:EE:8B:26:42,-86, WPA2 ,0.000000,0.000000,0.000,0.000,AP
2023-12-07 20:06:33,1900-01-00 00:00:00,SKYXBIIL,D4:52:EE:8B:26:42,-82, WPA2 ,0.000000,0.000000,0.000,0.000,AP
2023-12-07 20:06:33,1900-01-00 00:00:00,SKYXBIIL,D4:52:EE:8B:26:42,-78, WPA2 ,0.000000,0.000000,0.000,0.000,AP
2023-12-07 20:06:33,1900-01-00 00:00:00,SKYXBIIL,D4:52:EE:8B:26:42,-88, WPA2 ,0.000000,0.000000,0.000,0.000,AP
2023-12-07 20:06:33,1900-01-00 00:00:00,SKYXBIIL,D4:52:EE:8B:26:42,-86, WPA2 ,0.000000,0.000000,0.000,0.000,AP
2023-12-07 20:06:33,1900-01-00 00:00:00,SKYXBIIL,D4:52:EE:8B:26:42,-82, WPA2 ,0.000000,0.000000,0.000,0.000,AP
2023-12-07 20:06:33,1900-01-00 00:00:00,SKYXBIIL,D4:52:EE:8B:26:42,-82, WPA2 ,0.000000,0.000000,0.000,0.000,AP
2023-12-07 20:06:33,1900-01-00 00:00:00,SKYXBIIL,D4:52:EE:8B:26:42,-86, WPA2 ,0.000000,0.000000,0.000,0.000,AP
2023-12-07 20:06:33,1900-01-00 00:00:00,SKYXBIIL,D4:52:EE:8B:26:42,-84, WPA2 ,0.000000,0.000000,0.000,0.000,AP
2023-12-07 20:06:33,1900-01-00 00:00:00,SKYXBIIL,D4:52:EE:8B:26:42,-86, WPA2 ,0.000000,0.000000,0.000,0.000,AP
2023-12-07 20:06:33,1900-01-00 00:00:00,SKYXBIIL,D4:52:EE:8B:26:42,-84, WPA2 ,0.000000,0.000000,0.000,0.000,AP
2023-12-07 20:06:33,1900-01-00 00:00:00,SKYXBIIL,D4:52:EE:8B:26:42,-86, WPA2 ,0.000000,0.000000,0.000,0.000,AP
2023-12-07 20:06:34,1900-01-00 00:00:00,SKYXBIIL,D4:52:EE:8B:26:42,-84, WPA2 ,0.000000,0.000000,0.000,0.000,AP
2023-12-07 20:06:34,1900-01-00 00:00:00,SKYXBIIL,D4:52:EE:8B:26:42,-86, WPA2 ,0.000000,0.000000,0.000,0.000,AP
2023-12-07 20:06:34,1900-01-00 00:00:00,SKYXBIIL,D4:52:EE:8B:26:42,-84, WPA2 ,0.000000,0.000000,0.000,0.000,AP
2023-12-07 20:06:34,1900-01-00 00:00:00,SKYXBIIL,D4:52:EE:8B:26:42,-80, WPA2 ,0.000000,0.000000,0.000,0.000,AP
2023-12-07 20:06:34,1900-01-00 00:00:00,SKYXBIIL,D4:52:EE:8B:26:42,-82, WPA2 ,0.000000,0.000000,0.000,0.000,AP
2023-12-07 20:06:34,1900-01-00 00:00:00,SKYXBIIL,D4:52:EE:8B:26:42,-84, WPA2 ,0.000000,0.000000,0.000,0.000,AP
2023-12-07 20:06:34,1900-01-00 00:00:00,SKYXBIIL,D4:52:EE:8B:26:42,-88, WPA2 ,0.000000,0.000000,0.000,0.000,AP
2023-12-07 20:06:35,1900-01-00 00:00:00,SKYXBIIL,D4:52:EE:8B:26:42,-84, WPA2 ,0.000000,0.000000,0.000,0.000,AP
2023-12-07 20:06:35,1900-01-00 00:00:00,SKYXBIIL,D4:52:EE:8B:26:42,-82, WPA2 ,0.000000,0.000000,0.000,0.000,AP
2023-12-07 20:06:35,1900-01-00 00:00:00,SKYXBIIL,D4:52:EE:8B:26:42,-84, WPA2 ,0.000000,0.000000,0.000,0.000,AP
2023-12-07 20:06:35,1900-01-00 00:00:00,SKYXBIIL,D4:52:EE:8B:26:42,-84, WPA2 ,0.000000,0.000000,0.000,0.000,AP
2023-12-07 20:06:35,1900-01-00 00:00:00,SKYXBIIL,D4:52:EE:8B:26:42,-86, WPA2 ,0.000000,0.000000,0.000,0.000,AP
2023-12-07 20:06:36,1900-01-00 00:00:00,SKYXBIIL,D4:52:EE:8B:26:42,-86, WPA2 ,0.000000,0.000000,0.000,0.000,AP
2023-12-07 20:06:36,1900-01-00 00:00:00,SKYXBIIL,D4:52:EE:8B:26:42,-84, WPA2 ,0.000000,0.000000,0.000,0.000,AP
2023-12-07 20:06:36,1900-01-00 00:00:00,SKYXBIIL,D4:52:EE:8B:26:42,-84, WPA2 ,0.000000,0.000000,0.000,0.000,AP
2023-12-07 20:06:36,1900-01-00 00:00:00,SKYXBIIL,D4:52:EE:8B:26:42,-82, WPA2 ,0.000000,0.000000,0.000,0.000,AP
2023-12-07 20:06:37,1900-01-00 00:00:00,SKYXBIIL,D4:52:EE:8B:26:42,-84, WPA2 ,0.000000,0.000000,0.000,0.000,AP
2023-12-07 20:06:37,1900-01-00 00:00:00,SKYXBIIL,D4:52:EE:8B:26:42,-84, WPA2 ,0.000000,0.000000,0.000,0.000,AP
2023-12-07 20:06:37,1900-01-00 00:00:00,SKYXBIIL,D4:52:EE:8B:26:42,-84, WPA2 ,0.000000,0.000000,0.000,0.000,AP
2023-12-07 20:06:38,1900-01-00 00:00:00,SKYXBIIL,D4:52:EE:8B:26:42,-84, WPA2 ,0.000000,0.000000,0.000,0.000,AP
2023-12-07 20:06:38,1900-01-00 00:00:00,SKYXBIIL,D4:52:EE:8B:26:42,-82, WPA2 ,0.000000,0.000000,0.000,0.000,AP
2023-12-07 20:06:39,1900-01-00 00:00:00,SKYXBIIL,D4:52:EE:8B:26:42,-82, WPA2 ,0.000000,0.000000,0.000,0.000,AP
2023-12-07 20:06:39,1900-01-00 00:00:00,SKYXBIIL,D4:52:EE:8B:26:42,-86, WPA2 ,0.000000,0.000000,0.000,0.000,AP
2023-12-07 20:06:39,1900-01-00 00:00:00,SKYXBIIL,D4:52:EE:8B:26:42,-78, WPA2 ,0.000000,0.000000,0.000,0.000,AP
2023-12-07 20:06:39,1900-01-00 00:00:00,SKYXBIIL,D4:52:EE:8B:26:42,-78, WPA2 ,0.000000,0.000000,0.000,0.000,AP
2023-12-07 20:06:40,1900-01-00 00:00:00,SKYXBIIL,D4:52:EE:8B:26:42,-88, WPA2 ,0.000000,0.000000,0.000,0.000,AP
2023-12-07 20:06:40,1900-01-00 00:00:00,SKYXBIIL,D4:52:EE:8B:26:42,-86, WPA2 ,0.000000,0.000000,0.000,0.000,AP
2023-12-07 20:06:40,1900-01-00 00:00:00,SKYXBIIL,D4:52:EE:8B:26:42,-82, WPA2 ,0.000000,0.000000,0.000,0.000,AP
2023-12-07 20:06:40,1900-01-00 00:00:00,SKYXBIIL,D4:52:EE:8B:26:42,-82, WPA2 ,0.000000,0.000000,0.000,0.000,AP
2023-12-07 20:06:41,1900-01-00 00:00:00,SKYXBIIL,D4:52:EE:8B:26:42,-80, WPA2 ,0.000000,0.000000,0.000,0.000,AP
2023-12-07 20:06:41,1900-01-00 00:00:00,SKYXBIIL,D4:52:EE:8B:26:42,-82, WPA2 ,0.000000,0.000000,0.000,0.000,AP
2023-12-07 20:06:41,1900-01-00 00:00:00,SKYXBIIL,D4:52:EE:8B:26:42,-84, WPA2 ,0.000000,0.000000,0.000,0.000,AP
2023-12-07 20:06:42,1900-01-00 00:00:00,SKYXBIIL,D4:52:EE:8B:26:42,-76, WPA2 ,0.000000,0.000000,0.000,0.000,AP
2023-12-07 20:06:42,1900-01-00 00:00:00,SKYXBIIL,D4:52:EE:8B:26:42,-86, WPA2 ,0.000000,0.000000,0.000,0.000,AP
2023-12-07 20:06:42,1900-01-00 00:00:00,SKYXBIIL,D4:52:EE:8B:26:42,-84, WPA2 ,0.000000,0.000000,0.000,0.000,AP
2023-12-07 20:06:43,1900-01-00 00:00:00,SKYXBIIL,D4:52:EE:8B:26:42,-88, WPA2 ,0.000000,0.000000,0.000,0.000,AP
2023-12-07 20:06:43,1900-01-00 00:00:00,SKYXBIIL,D4:52:EE:8B:26:42,-86, WPA2 ,0.000000,0.000000,0.000,0.000,AP
2023-12-07 20:06:43,1900-01-00 00:00:00,SKYXBIIL,D4:52:EE:8B:26:42,-84, WPA2 ,0.000000,0.000000,0.000,0.000,AP
2023-12-07 20:06:43,1900-01-00 00:00:00,SKYXBIIL,D4:52:EE:8B:26:42,-88, WPA2 ,0.000000,0.000000,0.000,0.000,AP
2023-12-07 20:06:43,1900-01-00 00:00:00,SKYXBIIL,D4:52:EE:8B:26:42,-84, WPA2 ,0.000000,0.000000,0.000,0.000,AP
2023-12-07 20:06:44,1900-01-00 00:00:00,SKYXBIIL,D4:52:EE:8B:26:42,-84, WPA2 ,0.000000,0.000000,0.000,0.000,AP
2023-12-07 20:06:44,1900-01-00 00:00:00,SKYXBIIL,D4:52:EE:8B:26:42,-84, WPA2 ,0.000000,0.000000,0.000,0.000,AP
2023-12-07 20:06:44,1900-01-00 00:00:00,SKYXBIIL,D4:52:EE:8B:26:42,-86, WPA2 ,0.000000,0.000000,0.000,0.000,AP
2023-12-07 20:06:44,1900-01-00 00:00:00,SKYXBIIL,D4:52:EE:8B:26:42,-86, WPA2 ,0.000000,0.000000,0.000,0.000,AP
2023-12-07 20:06:44,1900-01-00 00:00:00,SKYXBIIL,D4:52:EE:8B:26:42,-82, WPA2 ,0.000000,0.000000,0.000,0.000,AP
2023-12-07 20:06:44,1900-01-00 00:00:00,SKYXBIIL,D4:52:EE:8B:26:42,-84, WPA2 ,0.000000,0.000000,0.000,0.000,AP
2023-12-07 20:06:44,1900-01-00 00:00:00,SKYXBIIL,D4:52:EE:8B:26:42,-84, WPA2 ,0.000000,0.000000,0.000,0.000,AP
2023-12-07 20:06:44,1900-01-00 00:00:00,SKYXBIIL,D4:52:EE:8B:26:42,-88, WPA2 ,0.000000,0.000000,0.000,0.000,AP
2023-12-07 20:06:44,1900-01-00 00:00:00,SKYXBIIL,D4:52:EE:8B:26:42,-88, WPA2 ,0.000000,0.000000,0.000,0.000,AP
